Name,Category
Debby,Category 1
Gordon,Category 1
Helene,TS
Leslie,TS
Allison,TS
Barry,TS
Gabrielle,Category 1
Michelle,Category 4
Arthur,TS
Bertha,TS
Cristobal,TS
Edouard,TS
Hanna,TS
Isidore,Category 3
Lili,Category 4
Kyle,Category 1
Ana,TS
Bill,TS
Claudette,Category 1
Erika,Category 1
Grace,TS
Henri,TS
Isabel,Category 5
Bonnie,TS
Charley,Category 4
Frances,Category 4
Ivan,Category 5
Jeanne,Category 3
Matthew,TS
Arlene,TS
Cindy,Category 1
Dennis,Category 4
Katrina,Category 5
Ophella,Category 1
Rita,Category 5
Tammy,TS
Wilma,Category 5
Alberta ,TS
Ernesta,TS
Andrea,TS
Barry,TS
Dean,Category 5
Gabrielle,TS
Humberto,Category 1
Noel,Category 1
Olga,TS
Cristobal,TS
Dolly,Category 2
Edouard,TS
Fay,TS
Gustav,Category 4
Hanna,Category 1
Ike,Category 4
Paloma,Category 4
Claudette,TS
Bill,Category 4
Danny,TS
Ida,Category 2
Alex,Category 2
Bonnie,TS
Danielle,Category 4
Earl,Category 4
Igor,Category 4
Nicole,TS
Paula,Category 2
Bret,TS
Irene,Category 3
Lee,TS
Katia,Category 4
Rina,Category 3
Sean,TS
Beryl,TS
Debby,TS
Isaac,Category 1
Sandy,Category 3
Andrea,TS
Karen,TS
Bertha,Category 1
Ana,TS
Erika,TS
Joaquin,Category 4
Patricia,Category 5
Bonnie,TS
Colin,TS
Hermine,Category 1
Julia,TS
Matthew,Category 2
Nicole,Category 4
Cindy,TS
Emily,TS
Harvey,Category 4
Irma,Category 5
Maria,Category 5
Nate,Category 1
Philipee,TS
Alberto,TS
Gordon,TS
Florence,Category 4
Michael,Category 5
Barry,Category 1
Dorian,Category 5
Humberto,Category 3
Lorenzo,Category 5
Nestor,TS
Arthur,TS
Bertha,TS
Cristobal,TS
Fay,TS
Hanna,Category 1
Marco,Category 1
Laura,Category 4
Sally,Category 2
Gamma,Category 1
Delta,Category 4
Zeta,Category 3
Eta,Category 4
Elsa,Category 1
Fred,TS
Mindy,TS
Alex,TS
Ian,Category 5
Nicole,Category 1
Idalia,Category 4
Lee,Category 5
